Date,최고가,최저가,시작가,종가,거래량,등락
2019-08-01,2032.22998046875,2009.3299560546875,2015.0899658203125,2017.3399658203125,461700,0
2019-08-02,2005.31005859375,1987.1199951171875,1995.31005859375,1998.1300048828125,438500,0
2019-08-05,1987.6400146484375,1945.3900146484375,1985.9300537109375,1946.97998046875,639600,0
2019-08-06,1948.530029296875,1891.81005859375,1900.3599853515625,1917.5,739600,0
2019-08-07,1929.2900390625,1901.6099853515625,1925.3299560546875,1909.7099609375,760800,1
2019-08-08,1937.949951171875,1915.81005859375,1926.280029296875,1920.6099853515625,777200,1
2019-08-09,1946.93994140625,1936.1400146484375,1940.06005859375,1937.75,654300,1
2019-08-12,1949.18994140625,1933.25,1941.530029296875,1942.2900390625,427100,0
2019-08-13,1937.6800537109375,1923.5799560546875,1928.760009765625,1925.8299560546875,660000,1
2019-08-14,1952.219970703125,1937.22998046875,1946.1800537109375,1938.3699951171875,699600,0
2019-08-16,1927.699951171875,1911.719970703125,1921.489990234375,1927.1700439453125,421700,1
2019-08-19,1943.0899658203125,1931.43994140625,1936.6400146484375,1939.9000244140625,481000,1
2019-08-20,1964.1600341796875,1937.530029296875,1942.989990234375,1960.25,463600,1
2019-08-21,1971.1199951171875,1954.469970703125,1954.5699462890625,1964.6500244140625,391600,0
2019-08-22,1967.9599609375,1951.010009765625,1966.5999755859375,1951.010009765625,435600,0
2019-08-23,1953.8499755859375,1940.5999755859375,1942.4200439453125,1948.300048828125,381100,0
2019-08-26,1924.489990234375,1909.9200439453125,1915.3399658203125,1916.31005859375,324900,1
2019-08-27,1937.4200439453125,1919.280029296875,1928.97998046875,1924.5999755859375,427000,1
2019-08-28,1943.6199951171875,1926.4300537109375,1929.9599609375,1941.0899658203125,284300,0
2019-08-29,1947.1500244140625,1928.489990234375,1943.550048828125,1933.4100341796875,285100,1
2019-08-30,1971.2099609375,1951.300048828125,1951.6600341796875,1967.7900390625,317700,1
2019-09-02,1973.25,1958.5899658203125,1961.18994140625,1969.18994140625,262200,0
2019-09-03,1976.3699951171875,1960.1500244140625,1966.5,1965.68994140625,342100,1
2019-09-04,1988.530029296875,1962.0799560546875,1962.4300537109375,1988.530029296875,348700,1
2019-09-05,2015.3900146484375,1992.510009765625,1993.6199951171875,2004.75,488100,1
2019-09-06,2017.199951171875,2005.68994140625,2016.1099853515625,2009.1300048828125,384400,1
2019-09-09,2029.800048828125,2013.280029296875,2013.3800048828125,2019.550048828125,511800,1
2019-09-10,2034.280029296875,2021.5799560546875,2024.7900390625,2032.0799560546875,504400,1
2019-09-11,2050.800048828125,2040.0400390625,2043.719970703125,2049.199951171875,429100,1
2019-09-16,2062.219970703125,2044.800048828125,2056.260009765625,2062.219970703125,493500,1
2019-09-17,2066.330078125,2055.169921875,2058.719970703125,2062.330078125,508000,1
2019-09-18,2075.6298828125,2058.52001953125,2064.419921875,2070.72998046875,613100,1
2019-09-19,2089.81005859375,2070.530029296875,2070.530029296875,2080.35009765625,493000,1
2019-09-20,2092.3701171875,2077.300048828125,2080.860107421875,2091.52001953125,589900,1
2019-09-23,2095.5400390625,2085.60009765625,2087.699951171875,2091.699951171875,420900,1
2019-09-24,2101.6298828125,2085.909912109375,2090.18994140625,2101.0400390625,535800,0
2019-09-25,2095.27001953125,2072.409912109375,2093.469970703125,2073.389892578125,651600,1
2019-09-26,2087.330078125,2064.340087890625,2082.659912109375,2074.52001953125,430600,0
2019-09-27,2066.9599609375,2044.75,2066.9599609375,2049.929931640625,285900,1
2019-09-30,2064.989990234375,2042.010009765625,2045.77001953125,2063.050048828125,327600,1
2019-10-01,2077.47998046875,2057.909912109375,2062.43994140625,2072.419921875,389300,0
2019-10-02,2058.22998046875,2031.9100341796875,2058.22998046875,2031.9100341796875,414500,0
2019-10-04,2039.4300537109375,2020.68994140625,2028.4000244140625,2020.68994140625,402900,1
2019-10-07,2034.93994140625,2016.18994140625,2031.530029296875,2021.72998046875,322200,1
2019-10-08,2046.81005859375,2024.6300048828125,2029.3699951171875,2046.25,437500,0
2019-10-10,2040.8800048828125,2010.9000244140625,2030.1300048828125,2028.1500244140625,445800,1
2019-10-11,2053.93994140625,2040.47998046875,2048.080078125,2044.6099853515625,381100,1
2019-10-14,2075.10009765625,2065.530029296875,2068.1298828125,2067.39990234375,511200,1
2019-10-15,2073.2099609375,2064.340087890625,2064.780029296875,2068.169921875,464500,1
2019-10-16,2090.010009765625,2073.800048828125,2080.919921875,2082.830078125,524500,0
2019-10-17,2087.14990234375,2072.489990234375,2081.760009765625,2077.93994140625,314200,0
2019-10-18,2088.5400390625,2057.889892578125,2082.22998046875,2060.68994140625,516700,1
2019-10-21,2067.969970703125,2059.330078125,2067.969970703125,2064.840087890625,606100,1
2019-10-22,2093.81005859375,2073.080078125,2076.2900390625,2088.860107421875,504100,0
2019-10-23,2088.25,2074.8798828125,2086.81005859375,2080.6201171875,429500,1
2019-10-24,2089.85009765625,2067.89990234375,2089.85009765625,2085.659912109375,367700,1
2019-10-25,2091.239990234375,2079.300048828125,2091.159912109375,2087.889892578125,348700,1
2019-10-28,2104.389892578125,2089.760009765625,2096.669921875,2093.60009765625,269200,0
2019-10-29,2105.169921875,2088.0400390625,2103.919921875,2092.68994140625,357700,0
2019-10-30,2093.510009765625,2075.5400390625,2093.510009765625,2080.27001953125,415600,1
2019-10-31,2103.7099609375,2083.47998046875,2089.219970703125,2083.47998046875,461300,1
2019-11-01,2100.419921875,2081.530029296875,2084.7900390625,2100.199951171875,418300,1
2019-11-04,2130.830078125,2111.320068359375,2111.320068359375,2130.239990234375,476300,1
2019-11-05,2143.1201171875,2128.699951171875,2133.659912109375,2142.639892578125,400600,1
2019-11-06,2156.22998046875,2138.830078125,2142.68994140625,2144.14990234375,410100,1
2019-11-07,2147.010009765625,2135.449951171875,2141.050048828125,2144.2900390625,425700,0
2019-11-08,2155.93994140625,2133.75,2154.179931640625,2137.22998046875,574100,0
2019-11-11,2139.070068359375,2119.070068359375,2139.070068359375,2124.090087890625,617300,1
2019-11-12,2140.93994140625,2121.800048828125,2131.260009765625,2140.919921875,610400,0
2019-11-13,2133.3701171875,2118.669921875,2132.47998046875,2122.449951171875,664400,1
2019-11-14,2139.22998046875,2121.320068359375,2127.5400390625,2139.22998046875,521100,1
2019-11-15,2165.02001953125,2135.260009765625,2137.9599609375,2162.179931640625,556200,0
2019-11-18,2165.889892578125,2151.969970703125,2161.889892578125,2160.68994140625,489200,0
2019-11-19,2154.409912109375,2137.010009765625,2151.0400390625,2153.239990234375,826900,0
2019-11-20,2145.969970703125,2123.800048828125,2140.06005859375,2125.320068359375,581100,0
2019-11-21,2125.360107421875,2088.18994140625,2123.64990234375,2096.60009765625,579600,1
2019-11-22,2106.419921875,2093.989990234375,2098.889892578125,2101.9599609375,519900,1
2019-11-25,2130.0400390625,2116.070068359375,2117.139892578125,2123.5,397700,0
2019-11-26,2139.639892578125,2120.85009765625,2129.27001953125,2121.35009765625,532600,1
2019-11-27,2136.300048828125,2118.070068359375,2134.469970703125,2127.85009765625,367800,0
2019-11-28,2127.75,2116.580078125,2116.929931640625,2118.60009765625,335200,0
2019-11-29,2125.530029296875,2085.10009765625,2125.530029296875,2087.9599609375,433300,1
2019-12-02,2103.8701171875,2088.919921875,2097.550048828125,2091.919921875,385300,0
2019-12-03,2085.7099609375,2066.60009765625,2075.02001953125,2084.070068359375,450000,0
2019-12-04,2072.909912109375,2057.449951171875,2070.840087890625,2068.889892578125,347000,0
2019-12-05,2084.2900390625,2053.56005859375,2078.31005859375,2060.739990234375,472200,1
2019-12-06,2084.43994140625,2070.169921875,2072.43994140625,2081.85009765625,440200,1
2019-12-09,2093.81005859375,2084.31005859375,2091.93994140625,2088.64990234375,393100,1
2019-12-10,2100.47998046875,2080.159912109375,2081.219970703125,2098.0,500100,1
2019-12-11,2109.219970703125,2092.47998046875,2098.280029296875,2105.6201171875,668700,1
2019-12-12,2138.929931640625,2120.1298828125,2120.1298828125,2137.35009765625,584600,1
2019-12-13,2170.25,2159.449951171875,2164.6298828125,2170.25,540000,0
2019-12-16,2175.010009765625,2166.2900390625,2168.050048828125,2168.14990234375,377100,1
2019-12-17,2196.010009765625,2171.090087890625,2179.39990234375,2195.679931640625,599500,0
2019-12-18,2204.0400390625,2187.320068359375,2194.919921875,2194.760009765625,591100,1
2019-12-19,2204.72998046875,2186.590087890625,2199.419921875,2196.56005859375,643100,1
2019-12-20,2206.820068359375,2194.800048828125,2205.570068359375,2204.179931640625,646700,0
2019-12-23,2209.199951171875,2196.429931640625,2208.219970703125,2203.7099609375,502000,0
2019-12-24,2206.22998046875,2187.580078125,2206.22998046875,2190.080078125,570000,1
2019-12-26,2198.010009765625,2183.89990234375,2192.219970703125,2197.929931640625,571300,1
2019-12-27,2215.550048828125,2177.39990234375,2183.699951171875,2204.2099609375,490200,0
2019-12-30,2208.0400390625,2195.64990234375,2202.6201171875,2197.669921875,416400,0
2020-01-02,2202.320068359375,2171.840087890625,2201.2099609375,2175.169921875,494700,1
2020-01-03,2203.3798828125,2165.389892578125,2192.580078125,2176.4599609375,631600,0
2020-01-06,2164.419921875,2149.949951171875,2154.969970703125,2155.070068359375,592700,1
2020-01-07,2181.6201171875,2164.27001953125,2166.60009765625,2175.5400390625,568200,0
2020-01-08,2162.320068359375,2137.719970703125,2156.27001953125,2151.31005859375,913800,1
2020-01-09,2186.449951171875,2172.159912109375,2182.199951171875,2186.449951171875,592600,1
2020-01-10,2206.919921875,2188.10009765625,2189.47998046875,2206.389892578125,594500,1
2020-01-13,2230.429931640625,2204.489990234375,2204.489990234375,2229.260009765625,488300,1
2020-01-14,2250.7900390625,2232.93994140625,2243.06005859375,2238.8798828125,835900,0
2020-01-15,2238.2099609375,2223.389892578125,2229.800048828125,2230.97998046875,746200,1
2020-01-16,2249.090087890625,2225.409912109375,2231.929931640625,2248.050048828125,808300,1
2020-01-17,2268.7099609375,2245.580078125,2261.570068359375,2250.570068359375,580800,1
2020-01-20,2277.22998046875,2258.090087890625,2261.39990234375,2262.639892578125,545500,0
2020-01-21,2266.31005859375,2238.25,2259.81005859375,2239.68994140625,770300,1
2020-01-22,2269.27001953125,2235.1298828125,2238.530029296875,2267.25,608500,0
2020-01-23,2260.6298828125,2241.93994140625,2254.5400390625,2246.1298828125,509600,0
2020-01-28,2199.929931640625,2166.22998046875,2192.219970703125,2176.719970703125,808500,1
2020-01-29,2195.449951171875,2172.330078125,2188.179931640625,2185.280029296875,692300,0
2020-01-30,2187.449951171875,2139.719970703125,2181.5400390625,2148.0,602700,0
2020-01-31,2167.22998046875,2119.010009765625,2160.60009765625,2119.010009765625,710500,0
2020-02-03,2126.72998046875,2082.739990234375,2086.610107421875,2118.8798828125,836700,1
2020-02-04,2162.320068359375,2120.530029296875,2121.219970703125,2157.89990234375,624600,1
2020-02-05,2181.52001953125,2154.8798828125,2177.260009765625,2165.6298828125,574400,1
2020-02-06,2229.989990234375,2182.25,2184.77001953125,2227.93994140625,695000,0
2020-02-07,2223.919921875,2198.139892578125,2221.489990234375,2211.949951171875,800200,0
2020-02-10,2203.389892578125,2180.510009765625,2185.6298828125,2201.070068359375,609600,1
2020-02-11,2233.320068359375,2211.25,2213.5,2223.1201171875,526000,1
2020-02-12,2242.239990234375,2214.77001953125,2225.949951171875,2238.3798828125,632500,0
2020-02-13,2255.489990234375,2230.300048828125,2245.719970703125,2232.9599609375,638700,1
2020-02-14,2251.5,2221.89990234375,2232.7099609375,2243.590087890625,597200,0
2020-02-17,2250.050048828125,2230.260009765625,2243.070068359375,2242.169921875,458200,0
2020-02-18,2232.929931640625,2205.2099609375,2225.97998046875,2208.8798828125,470400,1
2020-02-19,2226.0,2191.199951171875,2222.510009765625,2210.340087890625,590800,0
2020-02-20,2228.179931640625,2186.719970703125,2223.550048828125,2195.5,709600,0
2020-02-21,2184.429931640625,2160.280029296875,2165.64990234375,2162.840087890625,635500,0
2020-02-24,2120.06005859375,2079.030029296875,2114.0400390625,2079.0400390625,948600,1
2020-02-25,2105.489990234375,2071.5,2075.550048828125,2103.610107421875,1565600,0
2020-02-26,2089.639892578125,2059.1298828125,2064.070068359375,2076.77001953125,810900,0
2020-02-27,2085.39990234375,2049.14990234375,2073.8701171875,2054.889892578125,562500,0
2020-02-28,2031.010009765625,1980.8199462890625,2020.1700439453125,1987.010009765625,671600,1
2020-03-02,2017.0699462890625,1969.3399658203125,1997.030029296875,2002.510009765625,528100,1
2020-03-03,2051.85009765625,2009.3900146484375,2051.85009765625,2014.1500244140625,615700,1
2020-03-04,2063.590087890625,2005.81005859375,2005.81005859375,2059.330078125,606300,1
2020-03-05,2089.080078125,2059.989990234375,2078.110107421875,2085.260009765625,675200,0
2020-03-06,2062.570068359375,2032.1300048828125,2053.090087890625,2040.219970703125,865600,0
2020-03-09,1989.5,1946.9000244140625,1981.02001953125,1954.77001953125,666900,1
2020-03-10,1968.1700439453125,1934.719970703125,1942.8499755859375,1962.9300537109375,638600,0
2020-03-11,1967.699951171875,1898.27001953125,1965.6700439453125,1908.27001953125,679700,0
2020-03-12,1897.22998046875,1808.56005859375,1887.969970703125,1834.3299560546875,850300,0
2020-03-13,1809.31005859375,1680.5999755859375,1722.6800537109375,1771.43994140625,1035300,0
2020-03-16,1805.4300537109375,1714.3800048828125,1805.4300537109375,1714.8599853515625,682000,0
2020-03-17,1722.969970703125,1637.8800048828125,1640.8399658203125,1672.43994140625,649800,0
2020-03-18,1693.949951171875,1591.1199951171875,1686.1199951171875,1591.199951171875,728000,0
2020-03-19,1626.0899658203125,1439.4300537109375,1626.0899658203125,1457.6400146484375,977700,1
2020-03-20,1566.8199462890625,1466.47998046875,1498.489990234375,1566.1500244140625,817000,0
2020-03-23,1516.75,1458.4100341796875,1474.449951171875,1482.4599609375,647200,1
2020-03-24,1609.969970703125,1508.6800537109375,1523.68994140625,1609.969970703125,679300,1
2020-03-25,1707.6400146484375,1645.280029296875,1668.18994140625,1704.760009765625,872800,0
2020-03-26,1735.75,1679.22998046875,1699.1099853515625,1686.239990234375,992500,1
2020-03-27,1759.050048828125,1668.2099609375,1756.0699462890625,1717.72998046875,1077500,0
2020-03-30,1729.6300048828125,1659.949951171875,1670.3399658203125,1717.1199951171875,767800,1
2020-03-31,1757.81005859375,1722.6199951171875,1739.2900390625,1754.6400146484375,1037500,0
2020-04-01,1762.43994140625,1685.3699951171875,1737.280029296875,1685.4599609375,1243600,1
2020-04-02,1726.760009765625,1664.1300048828125,1693.530029296875,1724.8599853515625,766300,1
2020-04-03,1743.9100341796875,1706.6800537109375,1731.1700439453125,1725.43994140625,1000100,1
2020-04-06,1794.18994140625,1742.6700439453125,1745.25,1791.8800048828125,1219400,1
2020-04-07,1838.969970703125,1791.9200439453125,1826.719970703125,1823.5999755859375,951400,0
2020-04-08,1842.1600341796875,1801.800048828125,1815.75,1807.1400146484375,907500,1
2020-04-09,1839.3299560546875,1818.300048828125,1838.0899658203125,1836.2099609375,920600,1
2020-04-10,1861.0999755859375,1824.4300537109375,1835.760009765625,1860.699951171875,992500,0
2020-04-13,1853.300048828125,1825.760009765625,1853.300048828125,1825.760009765625,1017800,1
2020-04-14,1864.4599609375,1837.1700439453125,1846.4100341796875,1857.0799560546875,886800,0
2020-04-16,1862.22998046875,1828.1300048828125,1839.510009765625,1857.0699462890625,878300,1
2020-04-17,1926.02001953125,1893.18994140625,1893.31005859375,1914.530029296875,1667500,0
2020-04-20,1925.25,1893.1700439453125,1908.3399658203125,1898.3599853515625,1087500,0
2020-04-21,1898.3199462890625,1841.6600341796875,1886.780029296875,1879.3800048828125,1174300,1
2020-04-22,1897.9000244140625,1844.8499755859375,1855.510009765625,1896.1500244140625,820400,1
2020-04-23,1923.530029296875,1895.97998046875,1907.449951171875,1914.72998046875,683700,0
2020-04-24,1908.2900390625,1880.7099609375,1906.0699462890625,1889.010009765625,933900,1
2020-04-27,1929.8199462890625,1894.6199951171875,1897.06005859375,1922.77001953125,735700,1
2020-04-28,1941.7900390625,1911.6300048828125,1931.25,1934.0899658203125,1173500,1
2020-04-29,1957.510009765625,1934.31005859375,1936.8900146484375,1947.56005859375,1984200,0
2020-05-04,1918.6600341796875,1894.2900390625,1906.4200439453125,1895.3699951171875,1146900,1
2020-05-06,1928.760009765625,1919.449951171875,1919.449951171875,1928.760009765625,1082200,0
2020-05-07,1938.5,1918.5699462890625,1922.0,1928.6099853515625,775700,1
2020-05-08,1956.8900146484375,1942.5400390625,1944.93994140625,1945.8199462890625,784500,0
2020-05-11,1960.4599609375,1932.8699951171875,1953.510009765625,1935.4000244140625,591100,0
2020-05-12,1938.6199951171875,1905.1700439453125,1938.6199951171875,1922.1700439453125,799900,1
2020-05-13,1940.4200439453125,1897.239990234375,1897.5,1940.4200439453125,618800,0
2020-05-14,1931.4300537109375,1913.489990234375,1922.43994140625,1924.9599609375,760600,1
2020-05-15,1938.5899658203125,1913.2099609375,1937.6300048828125,1927.280029296875,866400,1
2020-05-18,1943.0699462890625,1921.1400146484375,1934.510009765625,1937.1099853515625,761700,1
2020-05-19,1983.77001953125,1968.5899658203125,1977.469970703125,1980.6099853515625,773400,1
2020-05-20,1992.199951171875,1972.1199951171875,1972.1199951171875,1989.6400146484375,699400,1
2020-05-21,2004.949951171875,1993.0,2003.199951171875,1998.31005859375,600900,0
2020-05-22,2002.6500244140625,1961.4000244140625,2001.5999755859375,1970.1300048828125,847500,1
2020-05-25,1994.9000244140625,1967.8399658203125,1980.510009765625,1994.5999755859375,641500,1
2020-05-26,2029.8900146484375,1997.93994140625,2001.0,2029.780029296875,1017800,1
2020-05-27,2043.43994140625,2019.8199462890625,2027.9000244140625,2031.199951171875,1178800,0
2020-05-28,2054.52001953125,2003.75,2047.0799560546875,2028.5400390625,1172100,1
2020-05-29,2038.8900146484375,2006.6199951171875,2018.3699951171875,2029.5999755859375,1086200,1
2020-06-01,2065.3798828125,2035.6300048828125,2037.0400390625,2065.080078125,997300,1
2020-06-02,2089.429931640625,2059.139892578125,2061.449951171875,2087.18994140625,1000300,1
2020-06-03,2156.550048828125,2107.68994140625,2108.550048828125,2147.0,1152000,1
2020-06-04,2191.0,2139.679931640625,2181.639892578125,2151.179931640625,1393300,1
2020-06-05,2187.25,2138.179931640625,2151.169921875,2181.8701171875,854600,1
2020-06-08,2217.2099609375,2174.9599609375,2215.60009765625,2184.2900390625,854000,1
2020-06-09,2212.169921875,2166.010009765625,2206.22998046875,2188.919921875,817100,1
2020-06-10,2200.679931640625,2178.1201171875,2187.909912109375,2195.68994140625,706300,0
2020-06-11,2200.719970703125,2148.510009765625,2184.360107421875,2176.780029296875,827400,0
2020-06-12,2137.1201171875,2084.6298828125,2088.239990234375,2132.300048828125,689900,0
2020-06-15,2129.669921875,2030.8199462890625,2114.409912109375,2030.8199462890625,1071600,1
2020-06-16,2138.080078125,2079.02001953125,2091.090087890625,2138.050048828125,973300,1
2020-06-17,2154.3701171875,2105.260009765625,2133.179931640625,2141.050048828125,927200,0
2020-06-18,2145.1298828125,2120.2900390625,2134.35009765625,2133.47998046875,767100,1
2020-06-19,2153.570068359375,2108.909912109375,2153.090087890625,2141.320068359375,1079300,0
2020-06-22,2142.8798828125,2122.10009765625,2126.3798828125,2126.72998046875,789400,1
2020-06-23,2158.14990234375,2110.510009765625,2149.1298828125,2131.239990234375,917600,1
2020-06-24,2171.860107421875,2143.909912109375,2145.929931640625,2161.510009765625,913900,0
2020-06-25,2143.330078125,2112.3701171875,2130.449951171875,2112.3701171875,1017700,1
2020-06-26,2142.0400390625,2115.25,2137.469970703125,2134.64990234375,761000,0
2020-06-29,2120.5,2087.840087890625,2105.5400390625,2093.47998046875,643200,1
2020-06-30,2134.3798828125,2108.260009765625,2124.3798828125,2108.330078125,708600,0
2020-07-01,2133.550048828125,2101.330078125,2128.81005859375,2106.699951171875,1116200,1
2020-07-02,2135.3701171875,2113.97998046875,2116.719970703125,2135.3701171875,1092000,1
2020-07-03,2153.5400390625,2135.300048828125,2147.889892578125,2152.409912109375,770100,1
2020-07-06,2191.280029296875,2157.7099609375,2158.949951171875,2187.929931640625,666900,0
2020-07-07,2206.7900390625,2164.030029296875,2202.0400390625,2164.169921875,847400,0
2020-07-08,2173.830078125,2150.889892578125,2166.760009765625,2158.8798828125,677800,1
2020-07-09,2181.47998046875,2166.739990234375,2171.14990234375,2167.89990234375,619400,0
2020-07-10,2171.52001953125,2140.2900390625,2171.43994140625,2150.25,887000,1
2020-07-13,2188.800048828125,2163.070068359375,2170.510009765625,2186.06005859375,650200,0
2020-07-14,2183.610107421875,2165.60009765625,2176.429931640625,2183.610107421875,811000,1
2020-07-15,2216.969970703125,2190.659912109375,2208.72998046875,2201.8798828125,830300,0
2020-07-16,2207.340087890625,2177.820068359375,2203.300048828125,2183.760009765625,784600,1
2020-07-17,2204.199951171875,2187.85009765625,2187.85009765625,2201.18994140625,569300,0
2020-07-20,2209.590087890625,2183.830078125,2209.590087890625,2198.199951171875,686800,1
2020-07-21,2234.860107421875,2214.280029296875,2219.18994140625,2228.830078125,918500,0
2020-07-22,2238.860107421875,2221.6201171875,2228.199951171875,2228.659912109375,856200,0
2020-07-23,2227.239990234375,2202.989990234375,2227.239990234375,2216.18994140625,934400,0
2020-07-24,2219.570068359375,2195.489990234375,2196.72998046875,2200.43994140625,1001000,1
2020-07-27,2231.25,2203.47998046875,2203.47998046875,2217.860107421875,928600,1
2020-07-28,2266.0,2237.2099609375,2238.18994140625,2256.989990234375,866700,1
2020-07-29,2276.7900390625,2252.239990234375,2258.35009765625,2263.159912109375,899300,1
2020-07-30,2281.330078125,2263.81005859375,2275.330078125,2267.010009765625,712900,0
2020-07-31,2281.409912109375,2248.489990234375,2278.530029296875,2249.3701171875,739700,1
2020-08-03,2254.3798828125,2237.0400390625,2251.64990234375,2251.0400390625,648500,1
2020-08-04,2284.659912109375,2269.68994140625,2272.330078125,2279.969970703125,722800,1
2020-08-05,2312.139892578125,2283.949951171875,2289.22998046875,2311.860107421875,841200,1
2020-08-06,2352.47998046875,2322.639892578125,2322.639892578125,2342.610107421875,797000,1
2020-08-07,2362.239990234375,2333.6201171875,2349.25,2351.669921875,812600,1
2020-08-10,2390.510009765625,2349.330078125,2353.919921875,2386.3798828125,784400,1
2020-08-11,2429.360107421875,2396.110107421875,2396.110107421875,2418.669921875,843400,1
2020-08-12,2432.85009765625,2393.27001953125,2414.780029296875,2432.35009765625,752900,1
2020-08-13,2458.169921875,2412.489990234375,2455.280029296875,2437.530029296875,907200,0
2020-08-14,2435.0,2383.68994140625,2427.85009765625,2407.489990234375,968100,0
2020-08-18,2419.64990234375,2336.780029296875,2405.840087890625,2348.239990234375,909800,1
2020-08-19,2380.10009765625,2353.169921875,2370.8701171875,2360.5400390625,638000,0
2020-08-20,2357.080078125,2270.85009765625,2339.909912109375,2274.219970703125,903700,1
2020-08-21,2329.340087890625,2280.969970703125,2306.159912109375,2304.590087890625,865700,1
2020-08-24,2332.330078125,2283.47998046875,2309.3798828125,2329.830078125,649300,1
2020-08-25,2369.780029296875,2340.969970703125,2352.14990234375,2366.72998046875,771600,1
2020-08-26,2374.679931640625,2336.97998046875,2367.739990234375,2369.320068359375,956500,0
2020-08-27,2373.360107421875,2344.3798828125,2371.949951171875,2344.449951171875,913700,1
2020-08-28,2379.260009765625,2345.280029296875,2362.219970703125,2353.800048828125,1297300,0
2020-08-31,2381.5,2326.06005859375,2377.090087890625,2326.169921875,1647800,1
2020-09-01,2355.89990234375,2331.22998046875,2340.18994140625,2349.550048828125,1085200,1
2020-09-02,2369.570068359375,2341.2900390625,2363.429931640625,2364.3701171875,1429300,1
2020-09-03,2401.780029296875,2382.22998046875,2383.260009765625,2395.89990234375,981500,0
2020-09-04,2371.02001953125,2332.679931640625,2332.679931640625,2368.25,1351000,1
2020-09-07,2387.489990234375,2362.419921875,2369.85009765625,2384.219970703125,1197400,1
2020-09-08,2407.56005859375,2391.429931640625,2402.659912109375,2401.909912109375,979400,0
2020-09-09,2388.85009765625,2369.1201171875,2372.530029296875,2375.81005859375,946200,1
2020-09-10,2406.679931640625,2388.56005859375,2404.830078125,2396.47998046875,1064600,1
2020-09-11,2397.56005859375,2374.0,2389.760009765625,2396.68994140625,882900,1
2020-09-14,2429.070068359375,2410.7900390625,2418.330078125,2427.909912109375,963100,1
2020-09-15,2444.570068359375,2423.7900390625,2434.590087890625,2443.580078125,850000,0
2020-09-16,2450.530029296875,2429.93994140625,2442.719970703125,2435.919921875,772900,0
2020-09-17,2437.02001953125,2398.68994140625,2430.77001953125,2406.169921875,853700,1
2020-09-18,2417.81005859375,2396.330078125,2413.530029296875,2412.39990234375,756500,0
2020-09-21,2427.169921875,2379.3798828125,2412.43994140625,2389.389892578125,1042000,0
2020-09-22,2388.489990234375,2323.580078125,2388.139892578125,2332.590087890625,1051000,1
2020-09-23,2354.4599609375,2287.43994140625,2352.56005859375,2333.239990234375,735000,0
2020-09-24,2309.739990234375,2268.8798828125,2295.6201171875,2272.699951171875,714900,1
2020-09-25,2296.360107421875,2267.6298828125,2295.18994140625,2278.7900390625,698000,1
2020-09-28,2314.81005859375,2291.320068359375,2301.159912109375,2308.080078125,606000,1
2020-09-29,2339.830078125,2320.0400390625,2331.510009765625,2327.889892578125,646200,1
2020-10-05,2364.72998046875,2327.830078125,2330.550048828125,2358.0,763600,1
2020-10-06,2378.280029296875,2355.389892578125,2369.169921875,2365.89990234375,861800,1
2020-10-07,2387.449951171875,2347.820068359375,2350.820068359375,2386.93994140625,735800,1
2020-10-08,2409.010009765625,2383.820068359375,2408.489990234375,2391.9599609375,961700,1
2020-10-12,2409.419921875,2393.739990234375,2404.179931640625,2403.72998046875,843600,0
2020-10-13,2418.889892578125,2385.8701171875,2416.85009765625,2403.14990234375,724900,0
2020-10-14,2405.56005859375,2375.5400390625,2403.739990234375,2380.47998046875,901200,0
2020-10-15,2376.72998046875,2348.739990234375,2375.909912109375,2361.2099609375,1165500,0
2020-10-16,2370.72998046875,2325.030029296875,2363.8798828125,2341.530029296875,920200,1
2020-10-19,2364.25,2344.77001953125,2352.919921875,2346.739990234375,930800,1
2020-10-20,2358.409912109375,2322.06005859375,2333.56005859375,2358.409912109375,870300,1
2020-10-21,2371.739990234375,2356.320068359375,2363.030029296875,2370.860107421875,810400,0
2020-10-22,2360.219970703125,2339.72998046875,2355.610107421875,2355.050048828125,814000,1
2020-10-23,2368.570068359375,2344.489990234375,2364.840087890625,2360.81005859375,890400,0
2020-10-26,2374.5,2342.580078125,2366.5,2343.909912109375,822300,0
2020-10-27,2349.330078125,2321.22998046875,2328.659912109375,2330.840087890625,666900,1
2020-10-28,2345.4599609375,2316.469970703125,2324.179931640625,2345.260009765625,705200,0
2020-10-29,2330.169921875,2299.909912109375,2312.340087890625,2326.669921875,509100,0
2020-10-30,2320.199951171875,2266.929931640625,2319.56005859375,2267.14990234375,795600,1
2020-11-02,2302.639892578125,2267.949951171875,2276.610107421875,2300.159912109375,678500,1
2020-11-03,2344.77001953125,2315.300048828125,2315.81005859375,2343.31005859375,887400,1
2020-11-04,2371.139892578125,2339.949951171875,2361.320068359375,2357.320068359375,986800,1
2020-11-05,2413.7900390625,2370.85009765625,2373.409912109375,2413.7900390625,702000,1
2020-11-06,2431.110107421875,2404.969970703125,2421.7900390625,2416.5,825600,1
2020-11-09,2459.14990234375,2434.52001953125,2438.6298828125,2447.199951171875,1354900,1
2020-11-10,2457.93994140625,2435.590087890625,2453.949951171875,2452.830078125,1464200,1
2020-11-11,2488.0400390625,2459.5,2459.5,2485.8701171875,1272000,0
2020-11-12,2488.7900390625,2467.0400390625,2482.679931640625,2475.6201171875,1278100,1
2020-11-13,2495.77001953125,2460.9599609375,2470.1201171875,2493.8701171875,1072400,1
2020-11-16,2546.3701171875,2507.4599609375,2507.4599609375,2543.030029296875,1239100,0
2020-11-17,2556.090087890625,2533.340087890625,2544.1201171875,2539.14990234375,1266400,1
2020-11-18,2553.949951171875,2536.780029296875,2548.85009765625,2545.639892578125,923500,1
2020-11-19,2548.949951171875,2529.530029296875,2536.889892578125,2547.419921875,976500,1
2020-11-20,2558.2099609375,2539.7900390625,2544.06005859375,2553.5,1128900,1
2020-11-23,2605.580078125,2553.699951171875,2560.0400390625,2602.590087890625,1648900,1
2020-11-24,2628.52001953125,2605.030029296875,2616.280029296875,2617.760009765625,1364500,0
2020-11-25,2642.260009765625,2583.409912109375,2637.340087890625,2601.5400390625,1410100,1
2020-11-26,2625.969970703125,2592.429931640625,2605.72998046875,2625.909912109375,1387400,1
2020-11-27,2635.0,2618.469970703125,2624.800048828125,2633.449951171875,1196000,0
2020-11-30,2648.659912109375,2591.340087890625,2648.050048828125,2591.340087890625,1311800,1
2020-12-01,2638.8701171875,2611.669921875,2613.419921875,2634.25,1150300,1
2020-12-02,2677.260009765625,2644.530029296875,2645.8798828125,2675.89990234375,1076200,1
2020-12-03,2696.219970703125,2672.85009765625,2686.3798828125,2696.219970703125,817100,1
2020-12-04,2742.77001953125,2705.340087890625,2705.340087890625,2731.449951171875,1778900,1
2020-12-07,2754.010009765625,2711.419921875,2738.110107421875,2745.43994140625,1499300,0
2020-12-08,2747.449951171875,2700.919921875,2745.1298828125,2700.929931640625,1414300,1
2020-12-09,2755.469970703125,2703.300048828125,2703.300048828125,2755.469970703125,1252300,0
2020-12-10,2765.4599609375,2718.699951171875,2750.340087890625,2746.4599609375,1227700,1
2020-12-11,2781.0400390625,2754.159912109375,2754.159912109375,2770.06005859375,1215200,0
2020-12-14,2782.7900390625,2755.2900390625,2769.429931640625,2762.199951171875,1113600,0
2020-12-15,2769.3701171875,2735.080078125,2763.64990234375,2756.820068359375,1092700,1
2020-12-16,2781.080078125,2761.5,2763.639892578125,2771.7900390625,1166600,0
2020-12-17,2772.7099609375,2742.25,2769.889892578125,2770.429931640625,1015500,1
2020-12-18,2782.14990234375,2762.800048828125,2770.949951171875,2772.179931640625,1058300,1
2020-12-21,2780.239990234375,2747.090087890625,2771.97998046875,2778.64990234375,1139500,0
2020-12-22,2774.219970703125,2733.639892578125,2772.030029296875,2733.679931640625,1260800,1
2020-12-23,2769.080078125,2716.280029296875,2737.739990234375,2759.820068359375,1121300,1
2020-12-24,2812.159912109375,2762.60009765625,2762.60009765625,2806.860107421875,1030900,1
2020-12-28,2834.590087890625,2799.56005859375,2820.949951171875,2808.60009765625,1006200,1
2020-12-29,2823.43994140625,2792.06005859375,2810.550048828125,2820.510009765625,1046800,1
2020-12-30,2878.2099609375,2809.35009765625,2820.360107421875,2873.469970703125,1074000,1
2021-01-04,2946.5400390625,2869.110107421875,2874.5,2944.449951171875,1026500,1
2021-01-05,2990.570068359375,2921.840087890625,2943.669921875,2990.570068359375,1519900,0
2021-01-06,3027.159912109375,2961.3701171875,2993.340087890625,2968.2099609375,1793400,1
2021-01-07,3055.280029296875,2980.75,2980.75,3031.679931640625,1524700,1
2021-01-08,3161.110107421875,3040.110107421875,3040.110107421875,3152.179931640625,1297900,0
2021-01-11,3266.22998046875,3096.18994140625,3161.89990234375,3148.449951171875,1712500,0
2021-01-12,3154.7900390625,3047.56005859375,3145.8701171875,3125.949951171875,1388600,1
2021-01-13,3164.3701171875,3109.6298828125,3128.260009765625,3148.2900390625,1578000,1
2021-01-14,3159.030029296875,3128.719970703125,3148.64990234375,3149.929931640625,1233200,0
2021-01-15,3189.89990234375,3085.89990234375,3153.840087890625,3085.89990234375,1331100,0
2021-01-18,3079.89990234375,3003.889892578125,3079.89990234375,3013.929931640625,1472000,1
2021-01-19,3092.659912109375,3013.050048828125,3013.050048828125,3092.659912109375,1353300,1
2021-01-20,3145.010009765625,3077.14990234375,3115.0400390625,3114.550048828125,1192700,1
2021-01-21,3163.2099609375,3123.27001953125,3123.27001953125,3160.840087890625,1360100,0
2021-01-22,3185.260009765625,3140.60009765625,3163.830078125,3140.6298828125,1111200,1
2021-01-25,3212.219970703125,3142.800048828125,3144.010009765625,3208.989990234375,1093700,0
2021-01-26,3209.179931640625,3132.669921875,3203.9599609375,3140.31005859375,873000,0
2021-01-27,3182.530029296875,3118.889892578125,3143.4599609375,3122.56005859375,924600,0
2021-01-28,3114.97998046875,3046.639892578125,3114.97998046875,3069.050048828125,1310500,0
2021-01-29,3100.219970703125,2962.699951171875,3078.72998046875,2976.2099609375,995100,1
2021-02-01,3056.8701171875,2947.239990234375,2976.81005859375,3056.530029296875,969300,1
2021-02-02,3138.949951171875,3065.56005859375,3065.56005859375,3096.81005859375,887300,1
2021-02-03,3142.260009765625,3091.85009765625,3108.419921875,3129.679931640625,901800,0
2021-02-04,3135.02001953125,3068.4599609375,3135.02001953125,3087.550048828125,1460900,1
2021-02-05,3124.6201171875,3081.780029296875,3098.489990234375,3120.6298828125,1193500,0
2021-02-08,3128.5400390625,3085.590087890625,3113.6298828125,3091.239990234375,1277200,0
2021-02-09,3129.659912109375,3084.669921875,3102.25,3084.669921875,2145400,1
2021-02-10,3111.8798828125,3064.25,3088.1298828125,3100.580078125,2152900,1
2021-02-15,3156.56005859375,3108.699951171875,3108.699951171875,3147.0,1604700,1
2021-02-16,3180.93994140625,3145.840087890625,3151.85009765625,3163.25,1944400,0
2021-02-17,3162.949951171875,3115.47998046875,3162.949951171875,3133.72998046875,1784100,0
2021-02-18,3140.39990234375,3086.659912109375,3131.739990234375,3086.659912109375,1860600,1
2021-02-19,3109.669921875,3040.280029296875,3089.9599609375,3107.6201171875,3455500,0
2021-02-22,3142.47998046875,3079.159912109375,3114.030029296875,3079.75,1832000,0
2021-02-23,3094.2900390625,3035.4599609375,3069.260009765625,3070.090087890625,2357800,0
2021-02-24,3092.050048828125,2993.4599609375,3070.580078125,2994.97998046875,1560900,1
2021-02-25,3099.800048828125,3026.469970703125,3026.469970703125,3099.68994140625,1280100,0
2021-02-26,3089.489990234375,2988.280029296875,3089.489990234375,3012.949951171875,1361300,1
2021-03-02,3096.5,3020.739990234375,3021.679931640625,3043.8701171875,1749900,1
2021-03-03,3083.0400390625,3029.3701171875,3041.199951171875,3082.989990234375,2236700,0
2021-03-04,3076.8798828125,3022.5400390625,3076.8798828125,3043.489990234375,1279000,0
2021-03-05,3036.97998046875,2982.449951171875,3036.159912109375,3026.260009765625,1187200,0
2021-03-08,3055.64990234375,2992.639892578125,3031.989990234375,2996.110107421875,1928300,0
2021-03-09,3000.489990234375,2929.360107421875,2989.9599609375,2976.1201171875,1534200,0
2021-03-10,3013.949951171875,2951.530029296875,2980.760009765625,2958.1201171875,905600,1
2021-03-11,3028.3701171875,2964.300048828125,2964.300048828125,3013.699951171875,1349200,1
2021-03-12,3061.429931640625,3030.72998046875,3030.72998046875,3054.389892578125,1669100,0
2021-03-15,3065.169921875,3036.139892578125,3057.06005859375,3045.7099609375,1161800,1
2021-03-16,3071.5400390625,3049.22998046875,3049.22998046875,3067.169921875,1123900,0
2021-03-17,3069.570068359375,3027.199951171875,3067.760009765625,3047.5,815000,1
2021-03-18,3090.18994140625,3054.929931640625,3054.929931640625,3066.010009765625,1232600,0
2021-03-19,3063.010009765625,3022.489990234375,3063.010009765625,3039.530029296875,1068500,0
2021-03-22,3048.110107421875,3019.60009765625,3040.010009765625,3035.4599609375,915700,0
2021-03-23,3058.7900390625,3003.050048828125,3038.25,3004.739990234375,1331200,0
2021-03-24,3006.5400390625,2971.0400390625,2996.320068359375,2996.35009765625,978400,1
2021-03-25,3024.6298828125,2987.830078125,2995.669921875,3008.330078125,940400,1
2021-03-26,3041.860107421875,3012.7900390625,3012.7900390625,3041.010009765625,1036400,0
2021-03-29,3054.2099609375,3025.389892578125,3047.7099609375,3036.0400390625,1288800,1
2021-03-30,3074.570068359375,3038.43994140625,3038.43994140625,3070.0,1023100,0
2021-03-31,3093.889892578125,3061.39990234375,3073.389892578125,3061.419921875,1147000,1
2021-04-01,3090.8798828125,3069.679931640625,3073.77001953125,3087.39990234375,922700,1
2021-04-02,3121.580078125,3101.60009765625,3104.719970703125,3112.800048828125,792700,1
2021-04-05,3127.199951171875,3101.860107421875,3121.22998046875,3120.830078125,1084800,1
2021-04-06,3139.2900390625,3110.18994140625,3123.800048828125,3127.080078125,1279000,1
2021-04-07,3146.18994140625,3125.330078125,3129.070068359375,3137.409912109375,1984800,1
2021-04-08,3145.81005859375,3122.090087890625,3137.25,3143.260009765625,1357300,0
2021-04-09,3156.0400390625,3125.239990234375,3146.510009765625,3131.8798828125,1823200,1
2021-04-12,3147.27001953125,3127.909912109375,3134.8798828125,3135.590087890625,1048800,1
2021-04-13,3173.260009765625,3136.989990234375,3138.2099609375,3169.080078125,1741300,1
2021-04-14,3188.320068359375,3162.1201171875,3169.949951171875,3182.3798828125,1776300,1
2021-04-15,3204.47998046875,3178.989990234375,3180.72998046875,3194.330078125,1313000,1
2021-04-16,3206.760009765625,3185.669921875,3194.080078125,3198.6201171875,985300,1
2021-04-19,3214.449951171875,3193.39990234375,3201.110107421875,3198.840087890625,1060600,1
2021-04-20,3220.820068359375,3195.9599609375,3198.31005859375,3220.699951171875,1296200,0
2021-04-21,3214.239990234375,3165.489990234375,3214.239990234375,3171.659912109375,1767100,1
2021-04-22,3196.969970703125,3174.52001953125,3174.52001953125,3177.52001953125,1752700,1
2021-04-23,3185.969970703125,3146.5400390625,3173.469970703125,3181.080078125,1829400,1
2021-04-26,3217.530029296875,3191.340087890625,3191.340087890625,3217.530029296875,1298300,0
2021-04-27,3223.050048828125,3203.25,3218.300048828125,3215.419921875,1534200,0
2021-04-28,3219.68994140625,3176.550048828125,3217.2099609375,3181.469970703125,1412600,0
2021-04-29,3200.409912109375,3161.06005859375,3184.75,3174.070068359375,1222400,0
2021-04-30,3179.429931640625,3143.3798828125,3176.429931640625,3147.860107421875,1358200,0
2021-05-03,3174.260009765625,3120.699951171875,3149.050048828125,3127.199951171875,1040300,1
2021-05-04,3147.3798828125,3109.780029296875,3131.389892578125,3147.3701171875,1282900,1
2021-05-06,3174.159912109375,3133.639892578125,3147.719970703125,3160.429931640625,1238600,1
2021-05-07,3205.110107421875,3179.6298828125,3179.6298828125,3197.199951171875,988900,1
2021-05-10,3255.89990234375,3201.4599609375,3201.4599609375,3249.300048828125,1010200,0
2021-05-11,3239.919921875,3192.25,3239.919921875,3209.429931640625,1095700,0
2021-05-12,3212.830078125,3138.0400390625,3209.360107421875,3161.659912109375,1423200,0
2021-05-13,3161.929931640625,3103.8798828125,3146.969970703125,3122.110107421875,1094900,1
2021-05-14,3162.31005859375,3131.35009765625,3131.35009765625,3153.320068359375,835600,0
2021-05-17,3173.010009765625,3121.320068359375,3163.2099609375,3134.52001953125,770700,1
2021-05-18,3176.39990234375,3135.3798828125,3135.3798828125,3173.050048828125,785400,0
2021-05-20,3174.530029296875,3140.47998046875,3174.530029296875,3162.280029296875,773600,0
2021-05-21,3198.010009765625,3149.4599609375,3171.909912109375,3156.419921875,796800,0
2021-05-24,3163.27001953125,3137.81005859375,3155.909912109375,3144.300048828125,587500,1
2021-05-25,3173.10009765625,3148.300048828125,3152.929931640625,3171.320068359375,612700,0
2021-05-26,3183.969970703125,3160.300048828125,3171.909912109375,3168.429931640625,1269000,0
2021-05-27,3173.860107421875,3142.3701171875,3170.840087890625,3165.510009765625,1081100,1
2021-05-28,3198.659912109375,3171.85009765625,3172.090087890625,3188.72998046875,966000,1
2021-05-31,3204.2900390625,3179.8701171875,3192.06005859375,3203.919921875,1123100,1
2021-06-01,3233.169921875,3199.179931640625,3207.1201171875,3221.8701171875,1471800,1
2021-06-02,3241.070068359375,3216.10009765625,3224.39990234375,3224.22998046875,1495200,1
2021-06-03,3258.5,3224.9599609375,3224.9599609375,3247.429931640625,1584000,0
2021-06-04,3246.18994140625,3218.669921875,3246.169921875,3240.080078125,1391800,1
2021-06-07,3264.409912109375,3233.39990234375,3244.590087890625,3252.1201171875,1731900,0
2021-06-08,3264.669921875,3242.56005859375,3251.830078125,3247.830078125,1950600,0
2021-06-09,3246.489990234375,3216.179931640625,3245.080078125,3216.179931640625,1964500,1
2021-06-10,3235.389892578125,3210.31005859375,3216.93994140625,3224.639892578125,1896200,1
2021-06-11,3251.580078125,3226.97998046875,3226.97998046875,3249.320068359375,1643800,1
2021-06-14,3254.489990234375,3238.510009765625,3249.60009765625,3252.1298828125,1663900,1
2021-06-15,3262.800048828125,3247.89990234375,3253.169921875,3258.6298828125,1733900,1
2021-06-16,3281.9599609375,3256.679931640625,3259.06005859375,3278.679931640625,2345200,0
2021-06-17,3276.199951171875,3251.320068359375,3276.199951171875,3264.9599609375,1848200,1
2021-06-18,3275.760009765625,3262.580078125,3265.679931640625,3267.929931640625,1626400,0
2021-06-21,3264.179931640625,3225.56005859375,3264.179931640625,3240.7900390625,1508100,1
2021-06-22,3267.6298828125,3245.7900390625,3245.7900390625,3263.8798828125,1666300,1
2021-06-23,3281.8798828125,3263.070068359375,3265.72998046875,3276.18994140625,1068300,1
2021-06-24,3292.27001953125,3277.85009765625,3281.469970703125,3286.10009765625,1300300,1
2021-06-25,3316.080078125,3289.179931640625,3289.179931640625,3302.840087890625,1197600,0
2021-06-28,3311.68994140625,3291.300048828125,3305.4599609375,3301.889892578125,1427400,0
2021-06-29,3305.419921875,3276.6298828125,3305.260009765625,3286.679931640625,1211800,1
2021-06-30,3305.72998046875,3288.6298828125,3288.6298828125,3296.679931640625,1608900,0
2021-07-01,3300.1201171875,3278.10009765625,3297.919921875,3282.06005859375,1157700,0
2021-07-02,3295.679931640625,3278.18994140625,3282.81005859375,3281.780029296875,1019400,1
2021-07-05,3298.929931640625,3285.2900390625,3285.2900390625,3293.2099609375,849700,1
2021-07-06,3313.510009765625,3295.43994140625,3295.43994140625,3305.2099609375,1028800,0
2021-07-07,3303.590087890625,3277.659912109375,3303.590087890625,3285.340087890625,1146800,0
2021-07-08,3295.7099609375,3252.409912109375,3287.679931640625,3252.679931640625,1515200,0
2021-07-09,3245.52001953125,3188.800048828125,3245.52001953125,3217.949951171875,1307500,1
2021-07-12,3251.449951171875,3227.510009765625,3227.510009765625,3246.469970703125,1134600,1
2021-07-13,3273.89990234375,3253.239990234375,3253.239990234375,3271.3798828125,1149500,0
2021-07-14,3270.090087890625,3250.449951171875,3270.090087890625,3264.81005859375,908300,1
2021-07-15,3286.580078125,3263.090087890625,3269.330078125,3286.219970703125,1171900,0
2021-07-16,3282.889892578125,3259.320068359375,3282.889892578125,3276.909912109375,1066100,0
2021-07-19,3258.8701171875,3236.389892578125,3258.8701171875,3244.0400390625,1095100,0
2021-07-20,3234.800048828125,3214.419921875,3223.239990234375,3232.699951171875,979300,0
2021-07-21,3252.25,3215.909912109375,3251.1298828125,3215.909912109375,990300,1
2021-07-22,3253.75,3235.169921875,3235.169921875,3250.2099609375,713000,1
2021-07-23,3264.010009765625,3246.090087890625,3253.43994140625,3254.419921875,804600,0
2021-07-26,3265.989990234375,3224.949951171875,3265.989990234375,3224.949951171875,826100,1
2021-07-27,3252.85009765625,3230.75,3244.429931640625,3232.530029296875,991600,1
2021-07-28,3243.2099609375,3210.89990234375,3226.06005859375,3236.860107421875,868200,1
2021-07-29,3252.260009765625,3232.5,3248.489990234375,3242.64990234375,694500,0
2021-07-30,3234.659912109375,3202.320068359375,3234.3701171875,3202.320068359375,687500,1
2021-08-02,3223.0400390625,3194.0,3218.419921875,3223.0400390625,560800,1
2021-08-03,3237.139892578125,3213.199951171875,3221.570068359375,3237.139892578125,653200,1
2021-08-04,3283.139892578125,3237.550048828125,3246.64990234375,3280.3798828125,632000,0
2021-08-05,3296.169921875,3273.330078125,3283.25,3276.1298828125,680000,0
2021-08-06,3288.169921875,3261.929931640625,3277.06005859375,3270.360107421875,939900,0
2021-08-09,3275.14990234375,3251.739990234375,3258.10009765625,3260.419921875,706500,0
2021-08-10,3272.43994140625,3232.4599609375,3272.43994140625,3243.18994140625,729000,0
2021-08-11,3250.2099609375,3217.64990234375,3235.360107421875,3220.6201171875,616700,0
2021-08-12,3229.590087890625,3202.110107421875,3213.580078125,3208.3798828125,642600,0
2021-08-13,3209.719970703125,3146.760009765625,3205.75,3171.2900390625,695600,0
2021-08-17,3179.489990234375,3134.47998046875,3169.739990234375,3143.090087890625,690800,1
2021-08-18,3175.8798828125,3124.56005859375,3141.97998046875,3158.929931640625,622800,0
2021-08-19,3158.0,3097.830078125,3140.010009765625,3097.830078125,655600,0
2021-08-20,3122.090087890625,3049.030029296875,3111.10009765625,3060.510009765625,672100,1
2021-08-23,3111.81005859375,3064.64990234375,3086.81005859375,3090.2099609375,570400,1
2021-08-24,3142.580078125,3115.22998046875,3119.699951171875,3138.300048828125,586500,1
2021-08-25,3161.0,3124.25,3148.1298828125,3146.81005859375,600400,0
2021-08-26,3159.3701171875,3121.0400390625,3151.300048828125,3128.530029296875,727700,1
2021-08-27,3143.010009765625,3106.969970703125,3116.2900390625,3133.89990234375,520700,1
2021-08-30,3164.8701171875,3132.77001953125,3160.8701171875,3144.18994140625,602900,1
2021-08-31,3199.889892578125,3130.300048828125,3144.489990234375,3199.27001953125,660500,1
2021-09-01,3215.1298828125,3185.800048828125,3195.669921875,3207.02001953125,746700,0
2021-09-02,3204.010009765625,3171.780029296875,3198.030029296875,3175.85009765625,753900,1
2021-09-03,3203.080078125,3181.639892578125,3189.7099609375,3201.06005859375,638300,1
2021-09-06,3206.25,3186.7900390625,3196.300048828125,3203.330078125,726200,0
2021-09-07,3201.760009765625,3176.81005859375,3200.070068359375,3187.419921875,758700,0
2021-09-08,3187.550048828125,3157.070068359375,3178.739990234375,3162.989990234375,858500,0
2021-09-09,3158.60009765625,3111.489990234375,3146.639892578125,3114.699951171875,927400,1
2021-09-10,3131.5400390625,3103.3798828125,3121.090087890625,3125.760009765625,723100,1
2021-09-13,3139.1298828125,3109.010009765625,3117.35009765625,3127.860107421875,731200,1
2021-09-14,3164.31005859375,3137.320068359375,3137.320068359375,3148.830078125,712400,1
2021-09-15,3164.010009765625,3138.800048828125,3147.2099609375,3153.39990234375,615200,0
2021-09-16,3167.679931640625,3126.64990234375,3165.3798828125,3130.090087890625,612000,1
2021-09-17,3142.1298828125,3112.510009765625,3127.75,3140.510009765625,587500,0
2021-09-23,3131.6298828125,3107.97998046875,3123.639892578125,3127.580078125,623000,0
2021-09-24,3146.860107421875,3119.39990234375,3140.72998046875,3125.239990234375,752800,1
2021-09-27,3146.35009765625,3119.260009765625,3121.699951171875,3133.639892578125,882600,0
2021-09-28,3134.4599609375,3095.719970703125,3133.39990234375,3097.919921875,894100,0
2021-09-29,3069.0400390625,3030.60009765625,3055.5,3060.27001953125,820700,1
2021-09-30,3079.429931640625,3046.429931640625,3054.8701171875,3068.820068359375,885400,0
2021-10-01,3062.60009765625,3015.010009765625,3056.2099609375,3019.179931640625,854800,0
2021-10-05,2998.169921875,2940.590087890625,2998.169921875,2962.169921875,839400,0
2021-10-06,2993.469970703125,2908.300048828125,2986.06005859375,2908.31005859375,900500,1
2021-10-07,2961.530029296875,2927.60009765625,2936.8701171875,2959.4599609375,594600,0
2021-10-08,2978.080078125,2949.010009765625,2977.820068359375,2956.300048828125,668200,0
2021-10-12,2950.93994140625,2901.510009765625,2950.219970703125,2916.3798828125,659600,1
2021-10-13,2953.330078125,2909.469970703125,2913.340087890625,2944.409912109375,751600,1
2021-10-14,2988.969970703125,2962.330078125,2968.8701171875,2988.639892578125,616600,1
2021-10-15,3021.89990234375,2999.330078125,3012.6201171875,3015.06005859375,857300,0
2021-10-18,3021.169921875,2990.43994140625,3017.47998046875,3006.679931640625,926000,1
2021-10-19,3034.530029296875,3014.18994140625,3022.22998046875,3029.0400390625,845400,0
2021-10-20,3047.239990234375,3012.969970703125,3043.1298828125,3013.1298828125,679900,0
2021-10-21,3025.8798828125,3002.739990234375,3012.280029296875,3007.330078125,887000,0
2021-10-22,3018.699951171875,2996.260009765625,3005.360107421875,3006.159912109375,695000,1
2021-10-25,3025.27001953125,2983.2900390625,3001.10009765625,3020.5400390625,791500,1
2021-10-26,3051.64990234375,3030.530029296875,3039.820068359375,3049.080078125,564100,0
2021-10-27,3049.02001953125,3019.0,3045.830078125,3025.489990234375,607500,0
2021-10-28,3034.419921875,3009.550048828125,3023.169921875,3009.550048828125,616900,0
2021-10-29,3030.169921875,2965.39990234375,3025.669921875,2970.679931640625,545300,1
2021-11-01,2991.81005859375,2976.8701171875,2984.179931640625,2978.93994140625,475000,1
2021-11-02,3034.300048828125,2995.580078125,2995.580078125,3013.489990234375,525400,0
2021-11-03,3020.8701171875,2969.010009765625,3020.360107421875,2975.7099609375,658300,1
2021-11-04,3011.56005859375,2978.070068359375,3000.919921875,2983.219970703125,771700,0
2021-11-05,3003.530029296875,2953.9599609375,3003.530029296875,2969.27001953125,687400,0
2021-11-08,2968.179931640625,2930.89990234375,2965.360107421875,2960.199951171875,559600,1
2021-11-09,2987.280029296875,2949.169921875,2958.14990234375,2962.4599609375,707800,0
2021-11-10,2958.610107421875,2924.360107421875,2947.4599609375,2930.169921875,567300,0
2021-11-11,2925.18994140625,2903.719970703125,2911.409912109375,2924.919921875,571900,1
2021-11-12,2973.840087890625,2938.27001953125,2945.949951171875,2968.800048828125,665000,1
2021-11-15,3003.7099609375,2979.9599609375,2989.679931640625,2999.52001953125,638900,0
2021-11-16,3011.8798828125,2985.340087890625,2995.679931640625,2997.2099609375,579000,0
2021-11-17,3004.669921875,2957.699951171875,3004.02001953125,2962.419921875,540700,0
2021-11-18,2964.47998046875,2937.530029296875,2959.260009765625,2947.3798828125,541100,1
2021-11-19,2974.639892578125,2948.070068359375,2951.06005859375,2971.02001953125,656300,1
2021-11-22,3018.010009765625,2980.72998046875,2983.3798828125,3013.25,531000,0
2021-11-23,3016.360107421875,2992.139892578125,3013.159912109375,2997.330078125,524200,0
2021-11-24,3017.89990234375,2981.02001953125,3006.340087890625,2994.2900390625,556600,0
2021-11-25,2996.739990234375,2973.239990234375,2996.739990234375,2980.27001953125,595400,0
2021-11-26,2985.77001953125,2930.31005859375,2973.0400390625,2936.43994140625,594700,0
2021-11-29,2930.219970703125,2890.780029296875,2906.14990234375,2909.320068359375,841700,0
2021-11-30,2942.929931640625,2822.72998046875,2932.7099609375,2839.010009765625,982400,1
2021-12-01,2905.739990234375,2837.030029296875,2860.1201171875,2899.719970703125,563100,1
2021-12-02,2945.27001953125,2874.639892578125,2874.639892578125,2945.27001953125,533700,1
2021-12-03,2975.43994140625,2927.550048828125,2935.929931640625,2968.330078125,486100,1
2021-12-06,2983.5,2932.489990234375,2954.820068359375,2973.25,479400,1
2021-12-07,2992.31005859375,2960.89990234375,2973.840087890625,2991.719970703125,540900,1
2021-12-08,3036.1298828125,2995.340087890625,3017.929931640625,3001.800048828125,487800,1
2021-12-09,3029.570068359375,3001.550048828125,3007.0,3029.570068359375,513000,0
2021-12-10,3017.639892578125,2998.2900390625,3008.699951171875,3010.22998046875,451200,0
2021-12-13,3043.830078125,3000.510009765625,3019.669921875,3001.659912109375,375400,0
2021-12-14,3001.699951171875,2976.159912109375,2983.949951171875,2987.949951171875,581200,1
2021-12-15,2992.300048828125,2973.0,2979.830078125,2989.389892578125,432500,1
2021-12-16,3018.199951171875,2989.6298828125,3013.260009765625,3006.409912109375,402400,1
2021-12-17,3017.72998046875,2984.18994140625,2985.199951171875,3017.72998046875,451400,0
2021-12-20,3001.330078125,2962.070068359375,3001.330078125,2963.0,377100,1
2021-12-21,2984.56005859375,2955.89990234375,2981.669921875,2975.030029296875,410500,1
2021-12-22,3000.7900390625,2976.64990234375,2993.5,2984.47998046875,461400,1
2021-12-23,3000.699951171875,2980.909912109375,2998.02001953125,2998.169921875,483300,1
2021-12-24,3025.77001953125,3009.47998046875,3009.47998046875,3012.429931640625,537500,0
2021-12-27,3017.31005859375,2999.300048828125,3013.93994140625,2999.550048828125,475000,1
2021-12-28,3020.2900390625,2991.550048828125,3006.77001953125,3020.239990234375,607000,0
2021-12-29,3007.719970703125,2988.669921875,3002.89990234375,2993.2900390625,545800,0
2021-12-30,3005.360107421875,2975.739990234375,2999.75,2977.64990234375,460600,1
2022-01-04,2995.25,2973.080078125,2991.969970703125,2989.239990234375,621200,0
2022-01-05,2986.199951171875,2936.72998046875,2984.050048828125,2953.969970703125,786900,0
2022-01-06,2952.5400390625,2915.3798828125,2925.39990234375,2920.530029296875,785500,1
2022-01-07,2959.030029296875,2933.10009765625,2933.780029296875,2954.889892578125,545800,0
2022-01-10,2951.1201171875,2910.89990234375,2947.3701171875,2926.719970703125,477000,1
2022-01-11,2943.570068359375,2909.820068359375,2930.929931640625,2927.3798828125,565800,1
2022-01-12,2972.580078125,2950.31005859375,2950.780029296875,2972.47998046875,519000,0
2022-01-13,2982.139892578125,2958.389892578125,2979.909912109375,2962.090087890625,604600,0
2022-01-14,2944.969970703125,2914.72998046875,2937.610107421875,2921.919921875,532300,0
2022-01-17,2919.669921875,2875.97998046875,2918.550048828125,2890.10009765625,592900,0
2022-01-18,2902.7900390625,2857.260009765625,2898.97998046875,2864.239990234375,553700,0
2022-01-19,2871.7900390625,2832.179931640625,2840.340087890625,2842.280029296875,463400,1
2022-01-20,2862.699951171875,2830.969970703125,2842.280029296875,2862.679931640625,395400,0
2022-01-21,2847.949951171875,2817.110107421875,2837.489990234375,2834.2900390625,532500,0
2022-01-24,2828.110107421875,2780.679931640625,2823.760009765625,2792.0,473600,0
2022-01-25,2789.6201171875,2703.989990234375,2786.409912109375,2720.389892578125,639400,0
2022-01-26,2744.139892578125,2708.10009765625,2729.75,2709.239990234375,471800,0
2022-01-27,2722.860107421875,2614.489990234375,2709.239990234375,2614.489990234375,487100,1
2022-01-28,2668.590087890625,2591.530029296875,2617.8701171875,2663.340087890625,433700,1
2022-02-03,2735.340087890625,2702.780029296875,2706.340087890625,2707.820068359375,435300,1
2022-02-04,2751.800048828125,2712.8701171875,2714.830078125,2750.260009765625,535900,0
2022-02-07,2750.699951171875,2718.93994140625,2750.699951171875,2745.06005859375,417600,1
2022-02-08,2779.85009765625,2726.719970703125,2767.760009765625,2746.469970703125,559600,1
2022-02-09,2773.3798828125,2753.510009765625,2772.6298828125,2768.85009765625,538700,1
2022-02-10,2788.27001953125,2761.760009765625,2787.43994140625,2771.929931640625,509300,0
2022-02-11,2766.699951171875,2735.080078125,2739.139892578125,2747.7099609375,480300,0
2022-02-14,2724.719970703125,2688.239990234375,2715.10009765625,2704.47998046875,616000,0
2022-02-15,2716.449951171875,2665.469970703125,2712.449951171875,2676.5400390625,588700,1
2022-02-16,2730.429931640625,2711.340087890625,2719.610107421875,2729.679931640625,422100,1
2022-02-17,2770.659912109375,2711.989990234375,2735.110107421875,2744.090087890625,611000,1
2022-02-18,2747.080078125,2711.8798828125,2714.52001953125,2744.52001953125,512900,0
2022-02-21,2746.6201171875,2694.89990234375,2706.64990234375,2743.800048828125,495000,0
2022-02-22,2721.840087890625,2690.090087890625,2705.080078125,2706.7900390625,648100,1
2022-02-23,2729.56005859375,2705.31005859375,2727.429931640625,2719.530029296875,537700,0
2022-02-24,2694.550048828125,2642.6298828125,2689.280029296875,2648.800048828125,925900,1
2022-02-25,2694.81005859375,2665.9599609375,2678.469970703125,2676.760009765625,664100,1
2022-02-28,2699.179931640625,2658.25,2663.0,2699.179931640625,613300,1
2022-03-02,2716.4599609375,2692.239990234375,2698.31005859375,2703.52001953125,527800,1
2022-03-03,2748.2099609375,2726.35009765625,2729.860107421875,2747.080078125,614300,0
2022-03-04,2736.580078125,2702.340087890625,2736.580078125,2713.429931640625,765300,0
2022-03-07,2680.169921875,2644.10009765625,2680.169921875,2651.31005859375,571300,0
2022-03-08,2647.179931640625,2605.81005859375,2617.330078125,2622.39990234375,540100,1
2022-03-10,2682.7900390625,2660.860107421875,2660.860107421875,2680.320068359375,613500,0
2022-03-11,2672.6201171875,2647.280029296875,2665.949951171875,2661.280029296875,796500,0
2022-03-14,2661.760009765625,2633.31005859375,2654.929931640625,2645.64990234375,635900,0
2022-03-15,2641.969970703125,2615.080078125,2630.31005859375,2621.530029296875,603700,1
2022-03-16,2659.89990234375,2630.030029296875,2649.85009765625,2659.22998046875,736000,1
2022-03-17,2714.0,2694.510009765625,2703.27001953125,2694.510009765625,545500,1
2022-03-18,2708.159912109375,2688.7099609375,2695.639892578125,2707.02001953125,643500,0
2022-03-21,2717.81005859375,2683.68994140625,2717.81005859375,2686.050048828125,502000,1
2022-03-22,2712.139892578125,2686.580078125,2686.679931640625,2710.0,489100,1
2022-03-23,2742.27001953125,2720.830078125,2727.1201171875,2735.050048828125,883000,0
2022-03-24,2729.659912109375,2705.139892578125,2716.25,2729.659912109375,959600,1
2022-03-25,2740.949951171875,2722.360107421875,2740.830078125,2729.97998046875,599800,0
2022-03-28,2737.4599609375,2707.739990234375,2721.219970703125,2729.56005859375,768000,1
2022-03-29,2754.179931640625,2733.219970703125,2745.6201171875,2741.070068359375,726700,1
2022-03-30,2760.60009765625,2740.02001953125,2758.31005859375,2746.739990234375,837800,1
2022-03-31,2765.199951171875,2743.199951171875,2743.239990234375,2757.64990234375,1029500,0
2022-04-01,2745.85009765625,2729.679931640625,2745.85009765625,2739.85009765625,1305000,1
2022-04-04,2758.3798828125,2722.449951171875,2729.860107421875,2757.89990234375,1022500,1
2022-04-05,2769.179931640625,2750.5,2765.5,2759.199951171875,1605600,0
2022-04-06,2747.85009765625,2730.659912109375,2739.070068359375,2735.030029296875,1321300,0
2022-04-07,2718.5,2693.360107421875,2714.699951171875,2695.860107421875,998200,1
2022-04-08,2712.0,2685.52001953125,2706.639892578125,2700.389892578125,948000,0
2022-04-11,2711.02001953125,2683.9599609375,2687.5400390625,2693.10009765625,742100,0
2022-04-12,2685.080078125,2658.39990234375,2674.169921875,2666.760009765625,870000,1
2022-04-13,2717.6298828125,2672.60009765625,2677.530029296875,2716.489990234375,732000,1
2022-04-14,2720.300048828125,2702.610107421875,2719.340087890625,2716.7099609375,664800,0
2022-04-15,2705.409912109375,2685.010009765625,2695.52001953125,2696.06005859375,693700,0
2022-04-18,2701.110107421875,2681.3701171875,2685.0400390625,2693.2099609375,1024600,1
2022-04-19,2723.97998046875,2705.320068359375,2707.760009765625,2718.889892578125,1256100,0
2022-04-20,2724.4599609375,2702.840087890625,2718.489990234375,2718.68994140625,1735700,1
2022-04-21,2737.5400390625,2725.0400390625,2725.7099609375,2728.2099609375,1002600,0
2022-04-22,2708.580078125,2690.47998046875,2704.719970703125,2704.7099609375,1239400,0
2022-04-25,2680.35009765625,2657.0400390625,2676.669921875,2657.1298828125,1017600,1
2022-04-26,2678.050048828125,2663.830078125,2674.0,2668.31005859375,889600,0
2022-04-27,2641.820068359375,2615.5,2630.580078125,2639.06005859375,1071800,1
2022-04-28,2667.489990234375,2638.3701171875,2656.5400390625,2667.489990234375,898900,1
2022-04-29,2696.10009765625,2664.06005859375,2669.179931640625,2695.050048828125,975000,0
2022-05-02,2689.909912109375,2667.85009765625,2669.2099609375,2687.449951171875,873400,0
2022-05-03,2702.10009765625,2680.4599609375,2690.159912109375,2680.4599609375,883100,0
2022-05-04,2696.030029296875,2667.22998046875,2690.449951171875,2677.570068359375,1180500,0
2022-05-06,2652.510009765625,2635.969970703125,2650.889892578125,2644.510009765625,1333600,0
2022-05-10,2602.75,2553.010009765625,2590.1298828125,2596.56005859375,840900,0
2022-05-11,2599.110107421875,2579.090087890625,2586.52001953125,2592.27001953125,679300,0
2022-05-12,2591.570068359375,2546.800048828125,2569.5,2550.080078125,899900,1
2022-05-13,2605.840087890625,2565.9599609375,2570.010009765625,2604.239990234375,788300,0
2022-05-16,2629.199951171875,2593.610107421875,2624.68994140625,2596.580078125,780000,1
2022-05-17,2621.840087890625,2603.580078125,2603.580078125,2620.43994140625,873000,1
2022-05-18,2644.1298828125,2618.0,2634.75,2625.97998046875,869300,0
2022-05-19,2597.7900390625,2568.5400390625,2576.239990234375,2592.340087890625,676900,1
2022-05-20,2641.679931640625,2605.3798828125,2605.780029296875,2639.2900390625,752400,1
2022-05-23,2653.8701171875,2634.2900390625,2651.6298828125,2647.3798828125,641900,0
2022-05-24,2646.989990234375,2605.8701171875,2638.93994140625,2605.8701171875,850700,1
2022-05-25,2630.169921875,2602.93994140625,2621.75,2617.219970703125,710200,0
2022-05-26,2641.909912109375,2602.010009765625,2616.989990234375,2612.449951171875,595300,1
2022-05-27,2644.7099609375,2631.489990234375,2640.75,2638.050048828125,590500,1
2022-05-30,2672.739990234375,2654.179931640625,2662.31005859375,2669.659912109375,469300,1
2022-05-31,2685.89990234375,2654.320068359375,2666.8798828125,2685.89990234375,670700,0
2022-06-02,2674.0,2653.590087890625,2670.739990234375,2658.989990234375,524900,1
2022-06-03,2681.510009765625,2663.0,2679.570068359375,2670.64990234375,562200,0
2022-06-07,2662.0400390625,2622.780029296875,2659.27001953125,2626.340087890625,524300,0
2022-06-08,2639.52001953125,2621.9599609375,2633.530029296875,2626.14990234375,576000,0
2022-06-09,2627.8798828125,2606.610107421875,2618.919921875,2625.43994140625,814500,0
2022-06-10,2602.800048828125,2583.739990234375,2596.3701171875,2595.8701171875,723800,0
2022-06-13,2550.320068359375,2504.510009765625,2550.2099609375,2504.510009765625,659800,0
2022-06-14,2503.169921875,2457.389892578125,2472.9599609375,2492.969970703125,671200,0
2022-06-15,2495.5400390625,2436.0400390625,2490.010009765625,2447.3798828125,713800,1
2022-06-16,2500.360107421875,2447.330078125,2481.659912109375,2451.409912109375,583800,0
2022-06-17,2441.340087890625,2396.469970703125,2409.719970703125,2440.929931640625,634200,0
2022-06-20,2449.889892578125,2372.35009765625,2449.889892578125,2391.030029296875,592100,1
2022-06-21,2423.47998046875,2385.60009765625,2402.989990234375,2408.929931640625,479400,0
2022-06-22,2418.050048828125,2342.81005859375,2417.110107421875,2342.81005859375,531800,0
2022-06-23,2361.22998046875,2306.47998046875,2347.840087890625,2314.320068359375,749200,1
2022-06-24,2373.47998046875,2319.989990234375,2327.110107421875,2366.60009765625,654100,1
2022-06-27,2418.93994140625,2365.860107421875,2383.199951171875,2401.919921875,509700,1
2022-06-28,2422.10009765625,2393.9599609375,2405.199951171875,2422.090087890625,564700,0
2022-06-29,2393.25,2375.449951171875,2387.10009765625,2377.989990234375,422100,0
2022-06-30,2368.570068359375,2332.590087890625,2368.570068359375,2332.639892578125,515000,0
2022-07-01,2354.969970703125,2291.489990234375,2342.919921875,2305.419921875,530100,0
2022-07-04,2318.31005859375,2276.6298828125,2310.72998046875,2300.340087890625,467700,1
2022-07-05,2344.080078125,2309.6201171875,2322.110107421875,2341.780029296875,323600,0
2022-07-06,2332.139892578125,2290.330078125,2330.110107421875,2292.010009765625,410600,1
2022-07-07,2344.139892578125,2307.89990234375,2308.969970703125,2334.27001953125,340000,1
2022-07-08,2367.840087890625,2348.739990234375,2352.489990234375,2350.610107421875,411200,0
2022-07-11,2363.260009765625,2337.820068359375,2357.429931640625,2340.27001953125,376900,0
2022-07-12,2333.02001953125,2303.739990234375,2330.8798828125,2317.760009765625,379000,1
2022-07-13,2341.18994140625,2312.489990234375,2324.449951171875,2328.610107421875,308400,0
2022-07-14,2338.2900390625,2307.68994140625,2316.409912109375,2322.320068359375,348900,1
2022-07-15,2337.300048828125,2293.449951171875,2335.1201171875,2330.97998046875,319300,1
2022-07-18,2376.5,2344.1201171875,2350.47998046875,2375.25,324100,0
2022-07-19,2372.739990234375,2359.590087890625,2367.52001953125,2370.969970703125,339200,1
2022-07-20,2410.06005859375,2382.64990234375,2406.2900390625,2386.85009765625,333000,1
2022-07-21,2411.9599609375,2387.909912109375,2387.909912109375,2409.159912109375,295500,0
2022-07-22,2417.909912109375,2391.47998046875,2405.3701171875,2393.139892578125,381400,1
2022-07-25,2412.469970703125,2385.64990234375,2385.64990234375,2403.68994140625,322900,1
2022-07-26,2415.389892578125,2395.169921875,2397.27001953125,2412.9599609375,415100,1
2022-07-27,2415.530029296875,2396.18994140625,2412.52001953125,2415.530029296875,333400,1
2022-07-28,2443.429931640625,2429.070068359375,2437.570068359375,2435.27001953125,490900,1
2022-07-29,2463.050048828125,2442.010009765625,2453.530029296875,2451.5,499000,1
2022-08-01,2461.39990234375,2437.1298828125,2444.050048828125,2452.25,487000,0
